<COMPONENT>
  <HEADER
    PLATEFORM="ALL"
    SERIAL=""
    VERSION="0.102"
    STATUS="ALPHA"    
    COMPATIBILITY="ALL"
    AUTHOR="Talend"
    RELEASE_DATE="20070806A"
    STARTABLE="true"
    DATA_AUTO_PROPAGATE="false"
    HAS_CONDITIONAL_OUTPUTS="true"
    SCHEMA_AUTO_PROPAGATE="false"
	PARTITIONING="AUTO"
  >
    <SIGNATURE/>
  </HEADER>

  <FAMILIES>
    <FAMILY>Semantic Web</FAMILY>
    <FAMILY>Database/Virtuoso</FAMILY>    
  </FAMILIES>

  <DOCUMENTATION>
    <URL/>
  </DOCUMENTATION>

  <CONNECTORS>
    <CONNECTOR CTYPE="FLOW" MAX_INPUT="1" MAX_OUTPUT="1"/>
    <CONNECTOR NAME="REJECT" NOT_SHOW_IF="(DIE_ON_ERROR == 'true')" CTYPE="FLOW" MAX_INPUT="0" MAX_OUTPUT="1" LINE_STYLE="2" COLOR="FF0000" BASE_SCHEMA="FLOW" />
    <CONNECTOR CTYPE="ITERATE" MAX_OUTPUT="1" MAX_INPUT="1"/>
    <CONNECTOR CTYPE="SUBJOB_OK" MAX_INPUT="1" />
    <CONNECTOR CTYPE="SUBJOB_ERROR" MAX_INPUT="1" />
    <CONNECTOR CTYPE="COMPONENT_OK"/>
    <CONNECTOR CTYPE="COMPONENT_ERROR"/>
    <CONNECTOR CTYPE="RUN_IF"/>
  </CONNECTORS>

  <PARAMETERS>
    <PARAMETER
      NAME="PROPERTY"
      FIELD="PROPERTY_TYPE"
      SHOW="true"
      NUM_ROW="10"
      REPOSITORY_VALUE="DATABASE:JDBC"
      SHOW_IF="USE_EXISTING_CONNECTION == 'false'"
    />
    
    <PARAMETER
      NAME="USE_EXISTING_CONNECTION"
      FIELD="CHECK"
      NUM_ROW="15"
      SHOW="false"
    >
      <DEFAULT>true</DEFAULT>
    </PARAMETER>    

    <PARAMETER
      NAME="CONNECTION"
      FIELD="COMPONENT_LIST"
      FILTER="tVirtuosoConnection"
      NUM_ROW="15"
      SHOW_IF="USE_EXISTING_CONNECTION == 'true'"
      DYNAMIC_SETTINGS="true"
    />
	
    <PARAMETER
      NAME="URL"
      FIELD="TEXT"
      NUM_ROW="20"
      REPOSITORY_VALUE="URL"
      REQUIRED="true"
      SHOW_IF="USE_EXISTING_CONNECTION == 'false'"
    >
      <DEFAULT>"jdbc:"</DEFAULT>
    </PARAMETER>
	
    <PARAMETER
      NAME="DRIVER_JAR"
      FIELD="TABLE"
      NUM_ROW="25"
      NB_LINES="2" 
      REPOSITORY_VALUE="DRIVER_JAR"
      REQUIRED="true"
      SHOW_IF="USE_EXISTING_CONNECTION == 'false'"
    >
      	<ITEMS> 
			<ITEM NAME="JAR_NAME" FIELD="MODULE_LIST"  /> 
		</ITEMS> 
    </PARAMETER>
	
    <PARAMETER
      NAME="DRIVER_CLASS"
      FIELD="TEXT"
      NUM_ROW="30"
      REPOSITORY_VALUE="DRIVER_CLASS"
      REQUIRED="true"
      SHOW_IF="USE_EXISTING_CONNECTION == 'false'"
    >
      <DEFAULT>""</DEFAULT>
    </PARAMETER>
	
    <PARAMETER
      NAME="USER"
      FIELD="TEXT"
      NUM_ROW="35"
      REPOSITORY_VALUE="USERNAME"
      REQUIRED="true"
      SHOW_IF="USE_EXISTING_CONNECTION == 'false'"
    >
      <DEFAULT>""</DEFAULT>
    </PARAMETER>
    
    <PARAMETER
      NAME="PASS"
      FIELD="TEXT"
      NUM_ROW="35"
      REPOSITORY_VALUE="PASSWORD"
      REQUIRED="true"
      SHOW_IF="USE_EXISTING_CONNECTION == 'false'"
    >
      <DEFAULT>""</DEFAULT>
    </PARAMETER>
    
    <PARAMETER
      NAME="SCHEMA_FLOW"
      FIELD="SCHEMA_TYPE"
      NUM_ROW="40"
    >
      <DEFAULT>""</DEFAULT>
    </PARAMETER>
    
    <PARAMETER
      NAME="SCHEMA_REJECT"
      FIELD="SCHEMA_TYPE"
      REQUIRED="true"
      NUM_ROW="40"
      CONTEXT="REJECT"
      SHOW="true">
      <TABLE READONLY="true">
        <COLUMN NAME="errorCode" TYPE="id_String" LENGTH="255" READONLY="false" CUSTOM="true"/>
        <COLUMN NAME="errorMessage" TYPE="id_String" LENGTH="255" READONLY="false" CUSTOM="true"/>
      </TABLE>
    </PARAMETER>     

	<PARAMETER  
		NAME="TABLE"  
		FIELD="DBTABLE"  
		NUM_ROW="40"
		SHOW="false"  
		>  
		<DEFAULT>""</DEFAULT>  
	</PARAMETER>  
	
 	<PARAMETER
      NAME="QUERYSTORE"
      FIELD="QUERYSTORE_TYPE"
      NUM_ROW="45"
      SHOW="false"
    >
      <DEFAULT>""</DEFAULT>
    </PARAMETER>
	
    <PARAMETER
      NAME="QUERY"
      FIELD="MEMO_SQL"
      NUM_ROW="50"
      REQUIRED="true"
      SHOW="false"
    >
      <DEFAULT>"sparql clear graph &lt;http://graph2&gt;"</DEFAULT>
    </PARAMETER>

    <PARAMETER
      NAME="GRAPH"
      FIELD="STRING"
      NUM_ROW="55"
      REQUIRED="true"
    >
      <DEFAULT>"http://graph"</DEFAULT>
    </PARAMETER>

    <PARAMETER
      NAME="DIE_ON_ERROR"
      FIELD="CHECK"
      NUM_ROW="90"
    >
      <DEFAULT>false</DEFAULT>
    </PARAMETER>
		
	<PARAMETER
	  NAME="NOTE"
      FIELD="LABEL"
      NUM_ROW="63"
	  GROUP="DATASOURCE"
	  SHOW_IF="USE_EXISTING_CONNECTION=='false'"
    >
    	<DEFAULT>This option only applies when deploying and running in the Talend Runtime</DEFAULT>
    </PARAMETER>
	<PARAMETER
      NAME="SPECIFY_DATASOURCE_ALIAS"
	  FIELD="CHECK"
      NUM_ROW="64"
      REQUIRED="true"
	  GROUP="DATASOURCE"
	  SHOW_IF="USE_EXISTING_CONNECTION=='false'"
    >      
    </PARAMETER>
	<PARAMETER
      NAME="DATASOURCE_ALIAS"
	  FIELD="TEXT"
      NUM_ROW="65"
      REQUIRED="true"
	  GROUP="DATASOURCE"
	  SHOW_IF="(SPECIFY_DATASOURCE_ALIAS=='true' AND USE_EXISTING_CONNECTION=='false')"
    >      
	<DEFAULT>""</DEFAULT>
    </PARAMETER>
  </PARAMETERS>
  
  <ADVANCED_PARAMETERS>
  	<PARAMETER
      NAME="PROPAGATE_RECORD_SET"
      FIELD="CHECK"
      NUM_ROW="5"
    >
      <DEFAULT>false</DEFAULT>
    </PARAMETER>
    
    <PARAMETER
      NAME="RECORD_SET_COLUMN"
      FIELD="COLUMN_LIST"
      NUM_ROW="5"
      SHOW_IF="PROPAGATE_RECORD_SET == 'true'"
    />

	<PARAMETER
      NAME="USE_PREPAREDSTATEMENT"
      FIELD="CHECK"
      NUM_ROW="6"
    >
      <DEFAULT>false</DEFAULT>
    </PARAMETER>
    
	<PARAMETER
      NAME="SET_PREPAREDSTATEMENT_PARAMETERS"
      FIELD="TABLE"
      REQUIRED="false"
      NUM_ROW="7"
      NB_LINES="3"
      SHOW_IF="(USE_PREPAREDSTATEMENT == 'true')"
    >
      <ITEMS>
        <ITEM NAME="PARAMETER_INDEX" VALUE="" />
		<ITEM NAME="PARAMETER_TYPE" VALUE="String" FIELD="CLOSED_LIST">
			<ITEMS DEFAULT="String">
        		<ITEM NAME="BigDecimal"  	VALUE="BigDecimal"/>
        		<ITEM NAME="Blob"  			VALUE="Blob"/>
        		<ITEM NAME="Boolean"  		VALUE="Boolean"/>
        		<ITEM NAME="Byte"  			VALUE="Byte"/>
        		<ITEM NAME="Bytes"  		VALUE="Bytes"/>
        		<ITEM NAME="Clob"  			VALUE="Clob"/>
        		<ITEM NAME="Date" 			VALUE="Date"/>
        		<ITEM NAME="Double"			VALUE="Double"/>
        		<ITEM NAME="Float" 			VALUE="Float"/>
        		<ITEM NAME="Int" 			VALUE="Int"/>
        		<ITEM NAME="Long" 			VALUE="Long"/>
        		<ITEM NAME="Object" 		VALUE="Object"/>
        		<ITEM NAME="Short" 			VALUE="Short"/>
        		<ITEM NAME="String" 		VALUE="String"/>
        		<ITEM NAME="Time" 			VALUE="Time"/>
        		<ITEM NAME="Null" 			VALUE="Null"/>
        	</ITEMS>
		</ITEM>
        <ITEM NAME="PARAMETER_VALUE" VALUE="" />
      </ITEMS>
    </PARAMETER>

  	<PARAMETER 
  	  NAME="ENCODING" 
  	  FIELD="ENCODING_TYPE" 
  	  NUM_ROW="9"
	  REQUIRED="true"
	  SHOW="false"
	>
		<DEFAULT>"ISO-8859-15"</DEFAULT>
	</PARAMETER>

	<PARAMETER 
	  NAME="COMMIT_EVERY" 
	  FIELD="TEXT" 
	  NUM_ROW="9"
	  REQUIRED="true"
	  SHOW_IF="USE_EXISTING_CONNECTION == 'false'"
	>
		<DEFAULT>10000</DEFAULT>
	</PARAMETER>
  </ADVANCED_PARAMETERS>

  <CODEGENERATION></CODEGENERATION>

  <RETURNS>
    <RETURN NAME="QUERY" TYPE="id_String" AVAILABILITY="FLOW"/>
  </RETURNS>
</COMPONENT>