<COMPONENT>
  <HEADER
    PLATEFORM="ALL"
    SERIAL=""
    VERSION="0.101"
    STATUS="ALPHA"

    COMPATIBILITY="ALL"
    AUTHOR="Talend"
    RELEASE_DATE="20050320A"
    STARTABLE="false"
    HAS_CONDITIONAL_OUTPUTS="false"
    SCHEMA_AUTO_PROPAGATE="false"
    DATA_AUTO_PROPAGATE="false"
	PARTITIONING="AUTO"
  >
    <SIGNATURE></SIGNATURE>
  </HEADER>

  <FAMILIES>
    <FAMILY>Semantic Web</FAMILY>
  </FAMILIES>

  <DOCUMENTATION>
    <URL/>
  </DOCUMENTATION>

  <CONNECTORS>
    <CONNECTOR CTYPE="FLOW" MAX_INPUT="1" MAX_OUTPUT="1"/>
    <CONNECTOR CTYPE="ITERATE" MAX_OUTPUT="0" MAX_INPUT="0"/>
    <CONNECTOR CTYPE="SUBJOB_OK" MAX_INPUT="1" />
    <CONNECTOR CTYPE="SUBJOB_ERROR" MAX_INPUT="1" />
    <CONNECTOR CTYPE="COMPONENT_OK"/>
    <CONNECTOR CTYPE="COMPONENT_ERROR"/>
    <CONNECTOR CTYPE="RUN_IF"/>
  </CONNECTORS>

   <PARAMETERS>
    <PARAMETER NAME="SCHEMA" FIELD="SCHEMA_TYPE" REQUIRED="true" NUM_ROW="10">
      <TABLE READONLY="true">
        <COLUMN NAME="RDF" TYPE="id_String" READONLY="true" CUSTOM="true" />
      </TABLE>
    </PARAMETER>

    <PARAMETER
      NAME="SIMPLE_MODE"
      FIELD="CHECK"
      REQUIRED="true"
      NUM_ROW="20"
      SHOW="false"
    >
      <DEFAULT>true</DEFAULT>
    </PARAMETER>

    <PARAMETER
      NAME="TEMPLATE"
      FIELD="MEMO"
      NB_LINES="6"
      REQUIRED="true"
      NUM_ROW="30"
    >
      <DEFAULT>&lt;http://subject&gt; &lt;http://predicate_1&gt; &lt;http://%VAR&gt; .
&lt;http://subject&gt; &lt;http://predicate_2&gt; &quot;%VAR&quot; .</DEFAULT>
    </PARAMETER>
      
    <PARAMETER
      NAME="SUBSTITUTIONS"
      FIELD="TABLE"
      REQUIRED="true"
      NUM_ROW="40"
      NB_LINES="4"
    >
      <ITEMS>
        <ITEM NAME="SEARCH_PATTERN" FIELD="String" VALUE="&quot;%VAR&quot;" />
        <ITEM NAME="REPLACE_STRING" FIELD="String" VALUE="&quot;value&quot;" />
      </ITEMS>
    </PARAMETER>

   </PARAMETERS>

   	<ADVANCED_PARAMETERS/>

	<CODEGENERATION>
	  <IMPORTS>
	     <IMPORT NAME="jakarta-oro" MODULE="jakarta-oro-2.0.8.jar" UrlPath="platform:/plugin/org.talend.libraries.apache/lib/jakarta-oro-2.0.8.jar" REQUIRED="true" />
	  </IMPORTS>
	</CODEGENERATION>

   <RETURNS>
     <RETURN NAME="NB_LINE" TYPE="INTEGER" AVAILABILITY="AFTER"/>
     <RETURN NAME="NB_LINE_OK" TYPE="INTEGER" AVAILABILITY="AFTER"/>
   </RETURNS>
</COMPONENT>
